TicketID,CustomerID,ComplaintCategory,ResolutionStatus,
TCK-9010,TEL-1110,Billing Dispute,Pending,
TCK-9011,TEL-1111,Network Drop,Resolved,
TCK-9012,TEL-1112,Billing Dispute,Resolved,
TCK-9013,TEL-1113,Network Drop,Pending,
TCK-9014,TEL-1114,Billing Dispute,Resolved,
TCK-9015,TEL-1115,Network Drop,Resolved,
TCK-9016,TEL-1116,Billing Dispute,Pending,
TCK-9017,TEL-1117,Network Drop,Resolved,
TCK-9018,TEL-1118,Billing Dispute,Resolved,
TCK-9019,TEL-1119,Network Drop,Pending,
TCK-9020,TEL-1120,Billing Dispute,Resolved,
TCK-9021,TEL-1121,Network Drop,Resolved,
TCK-9022,TEL-1122,Billing Dispute,Pending,
TCK-9023,TEL-1123,Network Drop,Resolved,
TCK-9024,TEL-1124,Billing Dispute,Resolved,
TCK-9025,TEL-1125,Network Drop,Pending,
TCK-9026,TEL-1126,Billing Dispute,Resolved,
TCK-9027,TEL-1127,Network Drop,Resolved,
TCK-9028,TEL-1128,Billing Dispute,Pending,
TCK-9029,TEL-1129,Network Drop,Resolved,
