InvoiceID,CustomerID,MonthlyBill_USD,PaymentStatus
INV-8000,TEL-1110,34.99,Paid
INV-8001,TEL-1111,140.99,Unpaid
INV-8002,TEL-1112,107.99,Overdue
INV-8003,TEL-1113,99.99,Paid
INV-8004,TEL-1114,121.99,Paid
INV-8005,TEL-1115,78.99,Paid
INV-8006,TEL-1116,137.99,Unpaid
INV-8007,TEL-1117,68.99,Overdue
INV-8008,TEL-1118,52.99,Paid
INV-8009,TEL-1119,40.99,Paid
INV-8010,TEL-1120,92.99,Paid
INV-8011,TEL-1121,101.99,Unpaid
INV-8012,TEL-1122,118.99,Overdue
INV-8013,TEL-1123,68.99,Paid
INV-8014,TEL-1124,93.99,Paid
INV-8015,TEL-1125,69.99,Paid
INV-8016,TEL-1126,117.99,Unpaid
INV-8017,TEL-1127,0,Overdue
INV-8018,TEL-1128,128.99,Paid
INV-8019,TEL-1129,97.99,Paid
