RecordID,CustomerID,NetworkType,DataUsed_GB,DroppedCalls_Count
REC-5010,TEL-1110,5G,7.1,0
REC-5011,TEL-1111,4G LTE,14.2,1
REC-5012,TEL-1112,4G LTE,5.5,3
REC-5013,TEL-1113,5G,12.8,0
REC-5014,TEL-1114,4G LTE,9.4,2
REC-5015,TEL-1115,4G LTE,3.2,0
REC-5016,TEL-1116,5G,11.6,1
REC-5017,TEL-1117,4G LTE,6.8,4
REC-5018,TEL-1118,4G LTE,8.5,0
REC-5019,TEL-1119,5G,4.1,0
REC-5020,TEL-1120,4G LTE,10.3,5
REC-5021,TEL-1121,4G LTE,13.9,1
REC-5022,TEL-1122,5G,2.1,0
REC-5023,TEL-1123,4G LTE,7.6,2
REC-5024,TEL-1124,4G LTE,12,0
REC-5025,TEL-1125,5G,5.4,1
REC-5026,TEL-1126,4G LTE,9.9,0
REC-5027,TEL-1127,4G LTE,1.5,3
REC-5028,TEL-1128,5G,14.8,1
REC-5029,TEL-1129,4G LTE,6.2,0
